{"avg_iou": 0.15175980871295722, "dp_iou_info": {"SOCIAL PYRAMID": {"iou_list": [0.015604603104293346], "avg_iou": 0.015604603104293346}, "DEFAULT CHOICE": {"iou_list": [0.06305764615535736, 0.0057164751924574375, 0.0, 0.0, 0.0, 0.0, 0.0, 0.0, 0.009740181267261505, 0.013604396022856236, 0.11616028100252151, 0.0, 0.0, 0.0, 0.03395542502403259, 0.022476674988865852, 0.04209631308913231, 0.022274041548371315, 0.1656033992767334, 0.0399080328643322, 0.0, 0.0], "avg_iou": 0.024299675746905534}, "INTERMEDIATE CURRENCY": {"iou_list": [0.6471905708312988], "avg_iou": 0.6471905708312988}, "NAGGING": {"iou_list": [0.0706762745976448, 0.10629972815513611, 0.01864098757505417, 0.11427148431539536, 0.13563817739486694, 0.01687932386994362, 0.025021251291036606, 0.002142820507287979, 0.0, 0.006564170587807894, 0.0004727325576823205, 0.0, 0.039146751165390015, 0.04183309152722359, 0.15662428736686707, 0.0019731733482331038, 0.0, 0.0028745303861796856, 0.0019195569911971688, 0.0, 0.005637302529066801, 0.12296383082866669, 0.023511413484811783, 0.10440216958522797, 0.001877502305433154, 0.0028966667596250772, 0.007809038739651442, 0.0057608261704444885, 0.09021880477666855, 0.08936968445777893, 0.0036948956549167633], "avg_iou": 0.038681305707394774}, "GAMIFICATION": {"iou_list": [0.11671695858240128, 0.31989672780036926, 0.11681198328733444, 0.024641387164592743], "avg_iou": 0.14451676420867443}, "ATTENTION DISTRACTION": {"iou_list": [0.04026593267917633], "avg_iou": 0.04026593267917633}}}