{"avg_iou": 0.1789099236674063, "dp_iou_info": {"DEFAULT CHOICE": {"iou_list": [0.06305764615535736, 0.0057164751924574375, 0.0, 0.0, 0.0, 0.0, 0.0, 0.009740181267261505, 0.013604396022856236, 0.0, 0.0, 0.0, 0.022274041548371315, 0.0399080328643322], "avg_iou": 0.011021483789331146}, "INTERMEDIATE CURRENCY": {"iou_list": [0.6471905708312988], "avg_iou": 0.6471905708312988}, "NAGGING": {"iou_list": [0.0706762745976448, 0.10629972815513611, 0.01864098757505417, 0.11427148431539536, 0.13563817739486694, 0.01687932386994362, 0.025021251291036606, 0.0, 0.006564170587807894, 0.0, 0.039146751165390015, 0.04183309152722359, 0.15662428736686707, 0.0019731733482331038, 0.0028745303861796856, 0.0019195569911971688, 0.0, 0.005637302529066801, 0.12296383082866669, 0.001877502305433154, 0.007809038739651442, 0.0057608261704444885, 0.09021880477666855], "avg_iou": 0.0422882649531264}, "GAMIFICATION": {"iou_list": [0.31989672780036926, 0.11681198328733444, 0.024641387164592743], "avg_iou": 0.15378336608409882}, "ATTENTION DISTRACTION": {"iou_list": [0.04026593267917633], "avg_iou": 0.04026593267917633}}}