{"avg_iou": 0.050774964634195154, "custom_avg_iou": 0.8387359433452029, "dp_iou_info": {"NAGGING": {"iou_list": [0.002364066196605563, 0.004511053208261728, 0.0037866069469600916, 0.007882505655288696, 0.0023596426472067833, 0.0023222099989652634, 0.004330110736191273, 0.00452446099370718, 0.006183862220495939, 0.0018669967539608479, 0.002504904055967927, 0.0023019753862172365, 0.005004050675779581, 0.0037615522742271423, 0.0022538627963513136, 0.002267689909785986, 0.003371585626155138, 0.003379200818017125, 0.004584925249218941, 0.0023303080815821886, 0.0022981325164437294, 0.015897473320364952, 0.004426215775310993, 0.019362257793545723, 0.08808808773756027, 0.015139535069465637, 0.1083175465464592, 0.016852160915732384, 0.014012047089636326, 0.0018796935910359025, 0.0, 0.005389737896621227, 0.001890930230729282, 0.0019362916937097907, 0.002359560923650861, 0.001713491976261139, 0.11403417587280273, 0.018359150737524033, 0.08604095131158829, 0.0015114453854039311, 0.002298918552696705, 0.004643707536160946, 0.07777536660432816, 0.002990462351590395], "avg_iou": 0.015434293446808377, "custom_iou_list": [1.0, 1.0, 1.0, 1.0, 1.0, 1.0, 1.0, 1.0, 1.0, 1.0, 1.0, 1.0, 1.0, 1.0, 1.0, 1.0, 1.0, 1.0, 1.0, 1.0, 1.0, 1.0, 1.0, 1.0, 1.0, 1.0, 0.1083175465464592, 1.0, 1.0, 1.0, 0.0, 1.0, 1.0, 1.0, 1.0, 1.0, 1.0, 1.0, 1.0, 1.0, 1.0, 1.0, 1.0, 1.0], "custom_avg_iou": 0.957007216966965}, "DEFAULT CHOICE": {"iou_list": [0.005519995465874672, 0.07547345012426376, 0.02531752549111843, 0.02565727010369301, 0.048714496195316315, 0.005154128186404705, 0.020610516890883446, 0.00582895427942276, 0.0, 0.0053769429214298725, 0.0, 0.0, 0.0, 0.005311180837452412, 0.06494763493537903, 0.014822348020970821, 0.0050320676527917385, 0.10409697890281677, 0.19010384380817413, 0.0, 0.05460912734270096, 0.0, 0.0, 0.0, 0.001332301995716989, 0.0, 0.0, 0.0, 0.10618109256029129, 0.0278440210968256, 0.0, 0.0, 0.008856663480401039, 0.012370361015200615, 0.1337754726409912, 0.024215392768383026, 0.06608159095048904, 0.0, 0.07884097099304199, 0.0, 0.0, 0.0, 0.0, 0.09900949895381927, 0.0, 0.0, 0.015394827350974083, 0.01944747380912304, 0.018813906237483025, 0.0, 0.04957970976829529, 0.018203701823949814, 0.0, 0.08122433722019196, 0.0, 0.0, 0.0, 0.0, 0.0], "avg_iou": 0.024029623454641866, "custom_iou_list": [1.0, 1.0, 1.0, 1.0, 1.0, 1.0, 1.0, 1.0, 0.0, 1.0, 0.0, 0.0, 0.0, 1.0, 1.0, 1.0, 1.0, 1.0, 1.0, 0.0, 1.0, 0.0, 0.0, 0.0, 1.0, 0.0, 0.0, 0.0, 1.0, 1.0, 0.0, 0.0, 1.0, 1.0, 1.0, 1.0, 1.0, 0.0, 1.0, 0.0, 0.0, 0.0, 0.0, 1.0, 0.0, 0.0, 1.0, 1.0, 1.0, 0.0, 1.0, 1.0, 0.0, 1.0, 0.0, 0.0, 0.0, 0.0, 0.0], "custom_avg_iou": 0.5423728813559322}, "DISGUISED ADS": {"iou_list": [0.0050506568513810635, 0.004505888558924198, 0.003944203723222017, 0.004085716791450977, 0.0027267425321042538, 0.002815393963828683, 0.002501122187823057, 0.003809771267697215, 0.0, 0.02831471897661686, 0.0039361221715807915, 0.017924528568983078], "avg_iou": 0.006634572132801016, "custom_iou_list": [1.0, 1.0, 1.0, 1.0, 1.0, 1.0, 1.0, 1.0, 0.0, 1.0, 1.0, 1.0], "custom_avg_iou": 0.9166666666666666}, "GAMIFICATION": {"iou_list": [0.10259141027927399, 0.2717140316963196, 0.11053180694580078, 0.019106581807136536], "avg_iou": 0.12598595768213272, "custom_iou_list": [1.0, 1.0, 0.11053180694580078, 1.0], "custom_avg_iou": 0.7776329517364502}, "ATTENTION DISTRACTION": {"iou_list": [0.034498848021030426, 0.12908190488815308], "avg_iou": 0.08179037645459175, "custom_iou_list": [1.0, 1.0], "custom_avg_iou": 1.0}}}