{"avg_iou": 0.17821916688903558, "dp_iou_info": {"DEFAULT CHOICE": {"iou_list": [0.042254094034433365, 0.019874805584549904, 0.0462026484310627, 0.02038036286830902, 0.03755957633256912, 0.1113646924495697, 0.011127790436148643, 0.03792143613100052, 0.0, 0.06305764615535736, 0.0057164751924574375, 0.0, 0.0, 0.0, 0.0, 0.0, 0.0, 0.009740181267261505, 0.013604396022856236, 0.11616028100252151, 0.0, 0.0, 0.0, 0.03395542502403259, 0.022476674988865852, 0.04209631308913231, 0.022274041548371315, 0.1656033992767334, 0.0399080328643322, 0.0, 0.0], "avg_iou": 0.027783170087082733}, "ATTENTION DISTRACTION": {"iou_list": [0.006344256456941366, 0.008733624592423439, 0.0291658416390419, 0.08767680078744888, 0.04026593267917633], "avg_iou": 0.03443729123100638}, "COUNTDOWN TIMER": {"iou_list": [0.014960009604692459, 0.13357007503509521, 0.13943713903427124, 0.21394822001457214, 0.015854472294449806, 0.0, 0.0], "avg_iou": 0.07396713085472584}, "LIMITED TIME MESSAGE": {"iou_list": [0.38769257068634033, 0.49518898129463196, 0.5603195428848267, 0.4300000071525574, 0.17698562145233154, 0.3569034934043884, 0.21074624359607697, 0.0, 0.4786428213119507, 0.23105297982692719, 0.3542012870311737, 0.0], "avg_iou": 0.3068111290534337}, "LOW STOCK MESSAGE": {"iou_list": [0.1876218318939209, 0.12458804249763489, 0.12907648086547852, 0.30610939860343933, 0.17878183722496033, 0.3720758557319641, 0.16508004069328308, 0.18474264442920685, 0.21316836774349213], "avg_iou": 0.20680494440926445}, "ACTIVITY MESSAGE": {"iou_list": [0.22602345049381256], "avg_iou": 0.22602345049381256}, "HIGH DEMAND MESSAGE": {"iou_list": [0.36908477544784546], "avg_iou": 0.36908477544784546}, "SOCIAL PYRAMID": {"iou_list": [0.015604603104293346], "avg_iou": 0.015604603104293346}, "INTERMEDIATE CURRENCY": {"iou_list": [0.6471905708312988], "avg_iou": 0.6471905708312988}, "NAGGING": {"iou_list": [0.0706762745976448, 0.10629972815513611, 0.01864098757505417, 0.11427148431539536, 0.13563817739486694, 0.01687932386994362, 0.025021251291036606, 0.002142820507287979, 0.0, 0.006564170587807894, 0.0004727325576823205, 0.0, 0.039146751165390015, 0.04183309152722359, 0.15662428736686707, 0.0019731733482331038, 0.0, 0.0028745303861796856, 0.0019195569911971688, 0.0, 0.005637302529066801, 0.12296383082866669, 0.023511413484811783, 0.10440216958522797, 0.001877502305433154, 0.0028966667596250772, 0.007809038739651442, 0.0057608261704444885, 0.09021880477666855, 0.08936968445777893, 0.0036948956549167633], "avg_iou": 0.038681305707394774}, "GAMIFICATION": {"iou_list": [0.11671695858240128, 0.31989672780036926, 0.11681198328733444, 0.024641387164592743], "avg_iou": 0.14451676420867443}, "FORCED CONTINUITY": {"iou_list": [0.05118197947740555, 0.04426775500178337], "avg_iou": 0.04772486723959446}}}