{"avg_iou": 0.21126548322120114, "dp_iou_info": {"DEFAULT CHOICE": {"iou_list": [0.019874805584549904, 0.0462026484310627, 0.02038036286830902, 0.1113646924495697, 0.011127790436148643, 0.0, 0.06305764615535736, 0.0057164751924574375, 0.0, 0.0, 0.0, 0.0, 0.0, 0.009740181267261505, 0.013604396022856236, 0.0, 0.0, 0.0, 0.022274041548371315, 0.0399080328643322], "avg_iou": 0.018162553641013802}, "ATTENTION DISTRACTION": {"iou_list": [0.006344256456941366, 0.008733624592423439, 0.0291658416390419, 0.08767680078744888, 0.04026593267917633], "avg_iou": 0.03443729123100638}, "COUNTDOWN TIMER": {"iou_list": [0.014960009604692459, 0.13357007503509521, 0.13943713903427124, 0.21394822001457214, 0.015854472294449806], "avg_iou": 0.10355398319661617}, "LIMITED TIME MESSAGE": {"iou_list": [0.38769257068634033, 0.49518898129463196, 0.5603195428848267, 0.4300000071525574, 0.17698562145233154, 0.21074624359607697, 0.4786428213119507, 0.23105297982692719, 0.3542012870311737, 0.0], "avg_iou": 0.33248300552368165}, "LOW STOCK MESSAGE": {"iou_list": [0.12458804249763489, 0.12907648086547852, 0.17878183722496033, 0.3720758557319641, 0.18474264442920685, 0.21316836774349213], "avg_iou": 0.2004055380821228}, "HIGH DEMAND MESSAGE": {"iou_list": [0.36908477544784546], "avg_iou": 0.36908477544784546}, "INTERMEDIATE CURRENCY": {"iou_list": [0.6471905708312988], "avg_iou": 0.6471905708312988}, "NAGGING": {"iou_list": [0.0706762745976448, 0.10629972815513611, 0.01864098757505417, 0.11427148431539536, 0.13563817739486694, 0.01687932386994362, 0.025021251291036606, 0.0, 0.006564170587807894, 0.0, 0.039146751165390015, 0.04183309152722359, 0.15662428736686707, 0.0019731733482331038, 0.0028745303861796856, 0.0019195569911971688, 0.0, 0.005637302529066801, 0.12296383082866669, 0.001877502305433154, 0.007809038739651442, 0.0057608261704444885, 0.09021880477666855], "avg_iou": 0.0422882649531264}, "GAMIFICATION": {"iou_list": [0.31989672780036926, 0.11681198328733444, 0.024641387164592743], "avg_iou": 0.15378336608409882}}}