{"avg_iou": 0.20849435546541617, "custom_avg_iou": 0.8480724193025054, "dp_iou_info": {"ATTENTION DISTRACTION": {"iou_list": [0.0047455038875341415, 0.006928675342351198, 0.006361256819218397, 0.06146753206849098], "avg_iou": 0.01987574202939868, "custom_iou_list": [1.0, 1.0, 1.0, 1.0], "custom_avg_iou": 1.0}, "COUNTDOWN TIMER": {"iou_list": [0.01392399799078703, 0.380965918302536, 0.42142635583877563, 0.40410271286964417, 0.18544112145900726, 0.0, 0.0, 0.013351134955883026, 0.15282036364078522, 0.2999609708786011, 0.02803921513259411, 0.344399631023407, 0.1768106073141098, 0.28059500455856323, 0.3431818187236786, 0.34294870495796204, 0.017307693138718605, 0.23062843084335327, 0.4892483651638031, 0.19388489425182343, 0.46978020668029785, 0.23042748868465424, 0.15616437792778015, 0.4252192974090576], "avg_iou": 0.23335951298940927, "custom_iou_list": [1.0, 1.0, 1.0, 1.0, 0.18544112145900726, 0.0, 0.0, 1.0, 1.0, 1.0, 1.0, 0.344399631023407, 1.0, 1.0, 1.0, 1.0, 1.0, 1.0, 1.0, 1.0, 1.0, 0.23042748868465424, 1.0, 1.0], "custom_avg_iou": 0.8233445100486279}, "LIMITED TIME MESSAGE": {"iou_list": [0.2989758551120758, 0.40952008962631226, 0.4395201802253723, 0.33160194754600525, 0.15071776509284973, 0.18435773253440857, 0.0, 0.39439845085144043, 0.21957279741764069, 0.2695290744304657, 0.0, 0.25220608711242676, 0.31409168243408203, 0.3152896463871002, 0.379048228263855, 0.24750368297100067, 0.04279322549700737, 0.4964964985847473, 0.24430188536643982], "avg_iou": 0.2626276226028016, "custom_iou_list": [1.0, 1.0, 1.0, 1.0, 0.15071776509284973, 1.0, 0.0, 1.0, 0.21957279741764069, 1.0, 0.0, 1.0, 1.0, 1.0, 1.0, 1.0, 1.0, 1.0, 1.0], "custom_avg_iou": 0.8089626611847627}, "DEFAULT CHOICE": {"iou_list": [0.012206429615616798, 0.013715753331780434, 0.0, 0.0073543088510632515, 0.09813617169857025, 0.009041329845786095], "avg_iou": 0.023408998890469473, "custom_iou_list": [1.0, 1.0, 0.0, 1.0, 1.0, 1.0], "custom_avg_iou": 0.8333333333333334}, "LOW STOCK MESSAGE": {"iou_list": [0.16173245012760162, 0.10357815772294998, 0.1556510478258133, 0.24864058196544647, 0.14157621562480927, 0.28275376558303833, 0.138424813747406, 0.15510110557079315, 0.1789659708738327, 0.6848440170288086, 0.06825363636016846, 0.33539021015167236, 0.43481647968292236, 0.13944756984710693, 0.19181033968925476], "avg_iou": 0.22806575745344163, "custom_iou_list": [1.0, 1.0, 1.0, 1.0, 1.0, 1.0, 1.0, 1.0, 1.0, 1.0, 1.0, 1.0, 1.0, 1.0, 1.0], "custom_avg_iou": 1.0}, "ACTIVITY MESSAGE": {"iou_list": [0.2781301438808441, 0.0, 0.7518518567085266, 0.40685543417930603, 0.5167464017868042, 0.19477644562721252, 0.35605454444885254, 0.30676165223121643], "avg_iou": 0.3513970598578453, "custom_iou_list": [1.0, 0.0, 1.0, 0.40685543417930603, 0.5167464017868042, 1.0, 1.0, 1.0], "custom_avg_iou": 0.7404502294957638}, "HIGH DEMAND MESSAGE": {"iou_list": [0.626334547996521, 0.2953302562236786, 0.08600980043411255, 0.35522857308387756], "avg_iou": 0.3407257944345474, "custom_iou_list": [0.626334547996521, 0.2953302562236786, 1.0, 1.0], "custom_avg_iou": 0.7304162010550499}}}