{"avg_iou": 0.17888874718013945, "dp_iou_info": {"DEFAULT CHOICE": {"iou_list": [0.019874805584549904, 0.0462026484310627, 0.02038036286830902, 0.1113646924495697, 0.011127790436148643, 0.0], "avg_iou": 0.03482504996160666}, "ATTENTION DISTRACTION": {"iou_list": [0.006344256456941366, 0.008733624592423439, 0.0291658416390419, 0.08767680078744888], "avg_iou": 0.0329801308689639}, "COUNTDOWN TIMER": {"iou_list": [0.014960009604692459, 0.13357007503509521, 0.13943713903427124, 0.21394822001457214, 0.015854472294449806], "avg_iou": 0.10355398319661617}, "LIMITED TIME MESSAGE": {"iou_list": [0.38769257068634033, 0.49518898129463196, 0.5603195428848267, 0.4300000071525574, 0.17698562145233154, 0.21074624359607697, 0.4786428213119507, 0.23105297982692719, 0.3542012870311737, 0.0], "avg_iou": 0.33248300552368165}, "LOW STOCK MESSAGE": {"iou_list": [0.12458804249763489, 0.12907648086547852, 0.17878183722496033, 0.3720758557319641, 0.18474264442920685, 0.21316836774349213], "avg_iou": 0.2004055380821228}, "HIGH DEMAND MESSAGE": {"iou_list": [0.36908477544784546], "avg_iou": 0.36908477544784546}}}