{"avg_iou": 0.16294443036746037, "custom_avg_iou": 0.832443284811659, "dp_iou_info": {"ATTENTION DISTRACTION": {"iou_list": [0.0047455038875341415, 0.006928675342351198, 0.006361256819218397, 0.06146753206849098, 0.034498848021030426, 0.12908190488815308], "avg_iou": 0.04051395350446304, "custom_iou_list": [1.0, 1.0, 1.0, 1.0, 1.0, 1.0], "custom_avg_iou": 1.0}, "COUNTDOWN TIMER": {"iou_list": [0.01392399799078703, 0.380965918302536, 0.42142635583877563, 0.40410271286964417, 0.18544112145900726, 0.0, 0.0, 0.013351134955883026, 0.15282036364078522, 0.2999609708786011, 0.02803921513259411, 0.344399631023407, 0.1768106073141098, 0.28059500455856323, 0.3431818187236786, 0.34294870495796204, 0.017307693138718605, 0.23062843084335327, 0.4892483651638031, 0.19388489425182343, 0.46978020668029785, 0.23042748868465424, 0.15616437792778015, 0.4252192974090576], "avg_iou": 0.23335951298940927, "custom_iou_list": [1.0, 1.0, 1.0, 1.0, 0.18544112145900726, 0.0, 0.0, 1.0, 1.0, 1.0, 1.0, 0.344399631023407, 1.0, 1.0, 1.0, 1.0, 1.0, 1.0, 1.0, 1.0, 1.0, 0.23042748868465424, 1.0, 1.0], "custom_avg_iou": 0.8233445100486279}, "LIMITED TIME MESSAGE": {"iou_list": [0.2989758551120758, 0.40952008962631226, 0.4395201802253723, 0.33160194754600525, 0.15071776509284973, 0.18435773253440857, 0.0, 0.39439845085144043, 0.21957279741764069, 0.2695290744304657, 0.0, 0.25220608711242676, 0.31409168243408203, 0.3152896463871002, 0.379048228263855, 0.24750368297100067, 0.04279322549700737, 0.4964964985847473, 0.24430188536643982], "avg_iou": 0.2626276226028016, "custom_iou_list": [1.0, 1.0, 1.0, 1.0, 0.15071776509284973, 1.0, 0.0, 1.0, 0.21957279741764069, 1.0, 0.0, 1.0, 1.0, 1.0, 1.0, 1.0, 1.0, 1.0, 1.0], "custom_avg_iou": 0.8089626611847627}, "DEFAULT CHOICE": {"iou_list": [0.012206429615616798, 0.013715753331780434, 0.0, 0.0073543088510632515, 0.09813617169857025, 0.009041329845786095, 0.005450122058391571, 0.07547345012426376, 0.02531752549111843, 0.02565727010369301, 0.048714496195316315, 0.005315194837749004, 0.020610516890883446, 0.00582895427942276, 0.0, 0.005308880470693111, 0.0, 0.0, 0.0, 0.005311180837452412, 0.06494763493537903, 0.014822348020970821, 0.0050320676527917385, 0.10247046500444412, 0.19010384380817413, 0.0, 0.05460912734270096, 0.0, 0.0, 0.0, 0.001332301995716989, 0.0, 0.0, 0.0, 0.10618109256029129, 0.026973895728588104, 0.0, 0.0, 0.008856663480401039, 0.012370361015200615, 0.13419483602046967, 0.02490725927054882, 0.06608159095048904, 0.0, 0.07884097099304199, 0.0, 0.0, 0.0, 0.0, 0.09900949895381927, 0.0, 0.0, 0.015394827350974083, 0.01944747380912304, 0.018813906237483025, 0.0, 0.04957970976829529, 0.018479514867067337, 0.0, 0.08122433722019196, 0.0, 0.0, 0.0, 0.0, 0.0], "avg_iou": 0.023955620178737893, "custom_iou_list": [1.0, 1.0, 0.0, 1.0, 1.0, 1.0, 1.0, 1.0, 1.0, 1.0, 1.0, 1.0, 1.0, 1.0, 0.0, 1.0, 0.0, 0.0, 0.0, 1.0, 1.0, 1.0, 1.0, 1.0, 1.0, 0.0, 1.0, 0.0, 0.0, 0.0, 1.0, 0.0, 0.0, 0.0, 1.0, 1.0, 0.0, 0.0, 1.0, 1.0, 1.0, 1.0, 1.0, 0.0, 1.0, 0.0, 0.0, 0.0, 0.0, 1.0, 0.0, 0.0, 1.0, 1.0, 1.0, 0.0, 1.0, 1.0, 0.0, 1.0, 0.0, 0.0, 0.0, 0.0, 0.0], "custom_avg_iou": 0.5692307692307692}, "LOW STOCK MESSAGE": {"iou_list": [0.16173245012760162, 0.10357815772294998, 0.1556510478258133, 0.24864058196544647, 0.14157621562480927, 0.28275376558303833, 0.138424813747406, 0.15510110557079315, 0.1789659708738327, 0.6848440170288086, 0.06825363636016846, 0.33539021015167236, 0.43481647968292236, 0.13944756984710693, 0.19181033968925476], "avg_iou": 0.22806575745344163, "custom_iou_list": [1.0, 1.0, 1.0, 1.0, 1.0, 1.0, 1.0, 1.0, 1.0, 1.0, 1.0, 1.0, 1.0, 1.0, 1.0], "custom_avg_iou": 1.0}, "ACTIVITY MESSAGE": {"iou_list": [0.2781301438808441, 0.0, 0.7518518567085266, 0.40685543417930603, 0.5167464017868042, 0.19477644562721252, 0.35605454444885254, 0.30676165223121643], "avg_iou": 0.3513970598578453, "custom_iou_list": [1.0, 0.0, 1.0, 0.40685543417930603, 0.5167464017868042, 1.0, 1.0, 1.0], "custom_avg_iou": 0.7404502294957638}, "NAGGING": {"iou_list": [0.002364066196605563, 0.004511053208261728, 0.0037866069469600916, 0.007733779493719339, 0.0023596426472067833, 0.0023222099989652634, 0.004330110736191273, 0.00452446099370718, 0.006183862220495939, 0.0018669967539608479, 0.002504904055967927, 0.0023170209024101496, 0.005004050675779581, 0.003843325190246105, 0.0022538627963513136, 0.002267689909785986, 0.0033517528790980577, 0.003379200818017125, 0.004584925249218941, 0.0023303080815821886, 0.0022981325164437294, 0.016215423122048378, 0.004426215775310993, 0.019362257793545723, 0.08808808773756027, 0.015139535069465637, 0.11091494560241699, 0.016852160915732384, 0.013960341922938824, 0.0018796935910359025, 0.0, 0.005389737896621227, 0.001890930230729282, 0.0019362916937097907, 0.002359560923650861, 0.001713491976261139, 0.11403417587280273, 0.018359150737524033, 0.08604095131158829, 0.0015114453854039311, 0.002298918552696705, 0.004643707536160946, 0.07777536660432816, 0.002990462351590395], "avg_iou": 0.01549774579259313, "custom_iou_list": [1.0, 1.0, 1.0, 1.0, 1.0, 1.0, 1.0, 1.0, 1.0, 1.0, 1.0, 1.0, 1.0, 1.0, 1.0, 1.0, 1.0, 1.0, 1.0, 1.0, 1.0, 1.0, 1.0, 1.0, 1.0, 1.0, 0.11091494560241699, 1.0, 1.0, 1.0, 0.0, 1.0, 1.0, 1.0, 1.0, 1.0, 1.0, 1.0, 1.0, 1.0, 1.0, 1.0, 1.0, 1.0], "custom_avg_iou": 0.9570662487636913}, "DISGUISED ADS": {"iou_list": [0.0050506568513810635, 0.004505888558924198, 0.003944203723222017, 0.004085716791450977, 0.0027267425321042538, 0.003032559296116233, 0.002501122187823057, 0.003809771267697215, 0.0, 0.02831471897661686, 0.0039361221715807915, 0.017924528568983078], "avg_iou": 0.006652669243824978, "custom_iou_list": [1.0, 1.0, 1.0, 1.0, 1.0, 1.0, 1.0, 1.0, 0.0, 1.0, 1.0, 1.0], "custom_avg_iou": 0.9166666666666666}, "HIGH DEMAND MESSAGE": {"iou_list": [0.626334547996521, 0.2953302562236786, 0.08600980043411255, 0.35522857308387756], "avg_iou": 0.3407257944345474, "custom_iou_list": [0.626334547996521, 0.2953302562236786, 1.0, 1.0], "custom_avg_iou": 0.7304162010550499}, "GAMIFICATION": {"iou_list": [0.10259141027927399, 0.2717140316963196, 0.11318224668502808, 0.019106581807136536], "avg_iou": 0.12664856761693954, "custom_iou_list": [1.0, 1.0, 0.11318224668502808, 1.0], "custom_avg_iou": 0.778295561671257}}}